name,SC_r,centroid,varR,kurtosis,anisotropy
x_phase_+0.0_deg.tiff,0.274210,168.668749,11712.526595,1.514107,4.023289e-05
x_phase_+0.1_deg.tiff,0.364572,141.890627,11246.736355,1.513154,2.160846e-05
x_phase_+0.2_deg.tiff,0.258115,173.633792,11782.713645,1.550291,4.471991e-05
x_phase_+0.3_deg.tiff,0.294974,159.594412,11356.305458,1.496874,2.507109e-05
x_phase_+0.4_deg.tiff,0.251447,173.600926,11514.734103,1.573956,3.976234e-05
x_phase_+0.5_deg.tiff,0.290835,163.369133,11853.109966,1.482234,2.839801e-05
x_phase_+0.6_deg.tiff,0.263308,169.252063,11644.855724,1.521929,2.936738e-05
x_phase_+0.7_deg.tiff,0.266083,169.476422,11748.056711,1.507513,3.642147e-05
x_phase_+0.8_deg.tiff,0.269918,164.970958,11303.875153,1.514670,2.422563e-05
x_phase_+0.9_deg.tiff,0.244599,176.026964,11776.201811,1.535997,4.133227e-05
x_phase_+1.0_deg.tiff,0.343702,146.950608,11367.006302,1.504514,2.427394e-05
x_phase_+1.1_deg.tiff,0.235638,177.124279,11714.569740,1.552040,3.862463e-05
x_phase_+1.2_deg.tiff,0.273469,165.163252,11711.854013,1.501245,2.699795e-05
x_phase_+1.3_deg.tiff,0.230406,175.822932,11268.736164,1.565871,3.039833e-05
x_phase_+1.4_deg.tiff,0.252711,172.722392,11931.524309,1.492946,3.034182e-05
x_phase_+1.5_deg.tiff,0.257994,168.384986,11651.696132,1.514020,2.098673e-05
x_phase_+1.6_deg.tiff,0.238411,175.840386,11840.883341,1.504100,3.489035e-05
x_phase_+1.7_deg.tiff,0.258193,166.851595,11524.077000,1.496674,2.074490e-05
x_phase_+1.8_deg.tiff,0.224030,180.137442,11902.646732,1.530538,3.594274e-05
x_phase_+1.9_deg.tiff,0.271417,165.406673,11919.734743,1.473629,2.223917e-05
x_phase_+10.0_deg.tiff,0.265985,170.555748,11620.084628,1.544371,4.157310e-05
x_phase_+10.1_deg.tiff,0.291558,162.531546,11673.963328,1.542850,3.044158e-05
x_phase_+10.2_deg.tiff,0.275675,166.490384,11423.783115,1.552151,3.413032e-05
x_phase_+10.3_deg.tiff,0.271657,169.077781,11515.386157,1.558378,3.921297e-05
x_phase_+10.4_deg.tiff,0.317569,155.772748,11649.535493,1.505659,2.505645e-05
x_phase_+10.5_deg.tiff,0.271082,170.296516,11663.344305,1.559755,4.323861e-05
x_phase_+10.6_deg.tiff,0.325820,154.363489,11672.143796,1.493421,2.391846e-05
x_phase_+10.7_deg.tiff,0.272841,169.790160,11619.996235,1.569141,4.373263e-05
x_phase_+10.8_deg.tiff,0.300493,161.067229,11614.851252,1.530386,2.700183e-05
x_phase_+10.9_deg.tiff,0.288902,164.764229,11633.540677,1.531780,3.703673e-05
x_phase_+11.0_deg.tiff,0.292708,164.068255,11693.113794,1.525202,3.760917e-05
x_phase_+11.1_deg.tiff,0.287903,164.625788,11618.975692,1.564275,2.849181e-05
x_phase_+11.2_deg.tiff,0.276894,168.269565,11528.486274,1.571900,4.483781e-05
x_phase_+11.3_deg.tiff,0.320023,154.827647,11495.447588,1.518064,2.424669e-05
x_phase_+11.4_deg.tiff,0.277215,169.123564,11686.193275,1.572586,4.461129e-05
x_phase_+11.5_deg.tiff,0.338173,151.473826,11688.521974,1.487478,2.365783e-05
x_phase_+11.6_deg.tiff,0.274864,169.526024,11577.242445,1.582604,4.212475e-05
x_phase_+11.7_deg.tiff,0.297990,161.819364,11529.813686,1.524800,3.495821e-05
x_phase_+11.8_deg.tiff,0.294092,162.679902,11623.398575,1.558559,3.383382e-05
x_phase_+11.9_deg.tiff,0.293702,164.390293,11710.433702,1.512466,4.195401e-05
x_phase_+12.0_deg.tiff,0.310563,157.583528,11570.917356,1.526590,2.135858e-05
x_phase_+12.1_deg.tiff,0.276088,169.073196,11663.645729,1.571837,4.429718e-05
x_phase_+12.2_deg.tiff,0.307852,156.752015,11306.252288,1.530418,2.254073e-05
x_phase_+12.3_deg.tiff,0.274591,169.202960,11596.333107,1.579946,4.134369e-05
x_phase_+12.4_deg.tiff,0.330370,152.969444,11708.112722,1.490339,2.374533e-05
x_phase_+12.5_deg.tiff,0.275126,168.209286,11516.788975,1.574056,3.410563e-05
x_phase_+12.6_deg.tiff,0.286797,165.034313,11567.266589,1.523710,4.296837e-05
x_phase_+12.7_deg.tiff,0.296170,160.479127,11465.487469,1.559135,2.588072e-05
x_phase_+12.8_deg.tiff,0.275783,169.866337,11803.808737,1.539563,4.636962e-05
x_phase_+12.9_deg.tiff,0.339478,149.115188,11457.520357,1.488156,1.789770e-05
x_phase_+13.0_deg.tiff,0.264384,172.300963,11671.833711,1.584420,4.246362e-05
x_phase_+13.1_deg.tiff,0.295433,160.188705,11400.373438,1.515433,2.606164e-05
x_phase_+13.2_deg.tiff,0.265179,169.683407,11405.493471,1.586748,3.499566e-05
x_phase_+13.3_deg.tiff,0.303433,161.278007,11892.873803,1.483042,3.015884e-05
x_phase_+13.4_deg.tiff,0.274531,167.225558,11533.043405,1.548581,2.679994e-05
x_phase_+13.5_deg.tiff,0.270160,169.648289,11647.494276,1.529679,4.800713e-05
x_phase_+13.6_deg.tiff,0.283948,162.443474,11306.035883,1.539328,2.425714e-05
x_phase_+13.7_deg.tiff,0.257267,174.014612,11783.260055,1.561310,4.631659e-05
x_phase_+13.8_deg.tiff,0.391664,136.285309,11206.401263,1.528534,1.987712e-05
x_phase_+13.9_deg.tiff,0.244858,175.758137,11555.683829,1.590206,4.001995e-05
x_phase_+14.0_deg.tiff,0.278757,165.540480,11678.585742,1.499564,3.287396e-05
x_phase_+14.1_deg.tiff,0.246184,173.429913,11380.605915,1.583856,3.561048e-05
x_phase_+14.2_deg.tiff,0.270589,169.820853,11970.997738,1.484598,3.967926e-05
x_phase_+14.3_deg.tiff,0.285542,162.589438,11653.091853,1.511401,2.021541e-05
x_phase_+14.4_deg.tiff,0.247250,176.016422,11872.249077,1.539191,4.724171e-05
x_phase_+14.5_deg.tiff,0.268531,164.481358,11210.120796,1.512435,2.327013e-05
x_phase_+14.6_deg.tiff,0.235308,178.186356,11687.139321,1.569530,4.279632e-05
x_phase_+14.7_deg.tiff,0.309062,156.078524,11727.854917,1.489694,2.180994e-05
x_phase_+14.8_deg.tiff,0.231029,177.866234,11559.835172,1.558696,3.780589e-05
x_phase_+14.9_deg.tiff,0.258449,171.039085,11876.092265,1.496139,3.944854e-05
x_phase_+15.0_deg.tiff,0.238113,172.950583,11364.931881,1.561800,3.046036e-05
x_phase_+15.1_deg.tiff,0.236385,178.118621,11964.066004,1.508905,4.634374e-05
x_phase_+15.2_deg.tiff,0.286098,159.894578,11574.817488,1.506734,2.123560e-05
x_phase_+15.3_deg.tiff,0.226532,179.927775,11926.436336,1.528962,4.022498e-05
x_phase_+15.4_deg.tiff,0.259535,166.789879,11526.777030,1.477507,2.461692e-05
x_phase_+15.5_deg.tiff,0.222801,179.446921,11748.202889,1.545618,3.791539e-05
x_phase_+15.6_deg.tiff,0.252783,172.755605,12149.001569,1.470464,3.245537e-05
x_phase_+15.7_deg.tiff,0.235445,174.830833,11707.844754,1.507715,3.028177e-05
x_phase_+15.8_deg.tiff,0.241093,175.868270,12146.167842,1.474241,4.061278e-05
x_phase_+15.9_deg.tiff,0.240674,172.241112,11671.227481,1.504195,3.191781e-05
x_phase_+16.0_deg.tiff,0.229000,178.985869,12033.787209,1.487257,4.012346e-05
x_phase_+16.1_deg.tiff,0.298953,157.826777,11825.145854,1.478923,2.542168e-05
x_phase_+16.2_deg.tiff,0.231628,177.335797,12141.558231,1.483167,3.517173e-05
x_phase_+16.3_deg.tiff,0.269726,165.858645,12027.214781,1.453483,2.906339e-05
x_phase_+16.4_deg.tiff,0.239762,174.196918,11961.741450,1.467632,3.627262e-05
x_phase_+16.5_deg.tiff,0.249245,173.723755,12285.687106,1.442265,3.402420e-05
x_phase_+16.6_deg.tiff,0.263905,167.742339,12106.534968,1.465473,2.814917e-05
x_phase_+16.7_deg.tiff,0.246957,173.276964,12215.162819,1.440780,3.382531e-05
x_phase_+16.8_deg.tiff,0.274402,164.504865,12039.010417,1.463508,2.686962e-05
x_phase_+16.9_deg.tiff,0.253547,172.786461,12408.771458,1.422121,3.268553e-05
x_phase_+17.0_deg.tiff,0.298985,158.900910,12051.389269,1.448056,2.291915e-05
x_phase_+17.1_deg.tiff,0.266851,169.972947,12514.877543,1.412980,3.211723e-05
x_phase_+17.2_deg.tiff,0.297255,160.011676,12278.103604,1.473887,2.594062e-05
x_phase_+17.3_deg.tiff,0.276672,165.388436,12179.572991,1.424319,2.978197e-05
x_phase_+17.4_deg.tiff,0.279359,166.833572,12476.260829,1.393844,3.205683e-05
x_phase_+17.5_deg.tiff,0.315439,155.524533,12312.132353,1.511379,2.360865e-05
x_phase_+17.6_deg.tiff,0.281399,166.211176,12537.384837,1.396595,3.109575e-05
x_phase_+17.7_deg.tiff,0.336904,149.296855,11886.616452,1.509536,2.323873e-05
x_phase_+17.8_deg.tiff,0.290034,164.580763,12650.397897,1.408449,3.290055e-05
x_phase_+17.9_deg.tiff,0.315863,156.406288,12323.431351,1.453964,2.304004e-05
x_phase_+18.0_deg.tiff,0.299799,161.195966,12429.639907,1.407806,2.904212e-05
x_phase_+18.1_deg.tiff,0.312169,157.968466,12444.312273,1.446843,2.612363e-05
x_phase_+18.2_deg.tiff,0.306700,159.721759,12552.618856,1.438368,2.553895e-05
x_phase_+18.3_deg.tiff,0.302359,160.527201,12371.610438,1.393973,3.205505e-05
x_phase_+18.4_deg.tiff,0.346760,147.624253,11987.422218,1.521288,2.630077e-05
x_phase_+18.5_deg.tiff,0.296204,163.478113,12695.352404,1.399518,3.274627e-05
x_phase_+18.6_deg.tiff,0.361259,145.175071,11979.447528,1.519797,2.715761e-05
x_phase_+18.7_deg.tiff,0.296827,162.703891,12597.549728,1.398474,3.071421e-05
x_phase_+18.8_deg.tiff,0.316444,156.394311,12286.538656,1.437869,3.123702e-05
x_phase_+18.9_deg.tiff,0.302611,160.026979,12422.540217,1.433373,2.973247e-05
x_phase_+19.0_deg.tiff,0.308087,158.937537,12400.957148,1.424056,3.029072e-05
x_phase_+19.1_deg.tiff,0.310026,159.321845,12555.279770,1.427836,2.948971e-05
x_phase_+19.2_deg.tiff,0.291960,163.415069,12494.097507,1.406200,3.458412e-05
x_phase_+19.3_deg.tiff,0.315301,156.410872,12207.932703,1.414876,3.240125e-05
x_phase_+19.4_deg.tiff,0.285250,164.887425,12455.526914,1.417224,3.029981e-05
x_phase_+19.5_deg.tiff,0.338543,149.811324,11956.226913,1.470157,2.842142e-05
x_phase_+19.6_deg.tiff,0.276787,167.732141,12566.878752,1.398060,3.551684e-05
x_phase_+19.7_deg.tiff,0.283005,164.410612,12224.149054,1.412518,3.869900e-05
x_phase_+19.8_deg.tiff,0.280738,164.876275,12354.312320,1.438641,3.581167e-05
x_phase_+19.9_deg.tiff,0.265675,168.659512,12207.500133,1.432555,3.232014e-05
x_phase_+2.0_deg.tiff,0.226963,177.202640,11734.738464,1.504626,2.823724e-05
x_phase_+2.1_deg.tiff,0.261987,168.045933,12049.807884,1.484306,2.510299e-05
x_phase_+2.2_deg.tiff,0.235926,173.793620,11640.151945,1.499166,2.323437e-05
x_phase_+2.3_deg.tiff,0.244377,174.944694,12172.339037,1.444940,3.220070e-05
x_phase_+2.4_deg.tiff,0.276886,162.864868,11848.469294,1.481539,2.163169e-05
x_phase_+2.5_deg.tiff,0.247504,173.686517,12240.777291,1.446718,2.847634e-05
x_phase_+2.6_deg.tiff,0.290073,160.352066,11977.642026,1.455869,2.287872e-05
x_phase_+2.7_deg.tiff,0.252518,171.437125,12161.859543,1.449068,2.409524e-05
x_phase_+2.8_deg.tiff,0.287432,162.894045,12287.815751,1.437059,2.387689e-05
x_phase_+2.9_deg.tiff,0.280009,164.226362,12141.617397,1.436290,2.141150e-05
x_phase_+20.0_deg.tiff,0.305388,157.164787,11984.824512,1.440383,2.679483e-05
x_phase_+20.1_deg.tiff,0.255239,172.287379,12374.986521,1.434612,3.391420e-05
x_phase_+20.2_deg.tiff,0.273653,165.340780,12014.412117,1.416146,3.241833e-05
x_phase_+20.3_deg.tiff,0.247296,173.624057,12205.216516,1.449756,3.919995e-05
x_phase_+20.4_deg.tiff,0.278375,162.933343,11880.635764,1.467881,2.883737e-05
x_phase_+20.5_deg.tiff,0.248630,173.449774,12253.887484,1.447952,4.228171e-05
x_phase_+20.6_deg.tiff,0.244429,172.916432,11827.905446,1.473146,3.774798e-05
x_phase_+20.7_deg.tiff,0.257765,169.214976,11964.675060,1.447177,3.654209e-05
x_phase_+20.8_deg.tiff,0.230884,178.193551,11966.832807,1.494709,3.671921e-05
x_phase_+20.9_deg.tiff,0.325358,151.372986,11593.747000,1.492211,2.361526e-05
x_phase_+21.0_deg.tiff,0.231042,179.133829,12148.331346,1.481708,4.468902e-05
x_phase_+21.1_deg.tiff,0.257342,168.716865,11755.717325,1.468797,3.132577e-05
x_phase_+21.2_deg.tiff,0.237472,176.782662,12071.758933,1.481822,5.089938e-05
x_phase_+21.3_deg.tiff,0.253827,171.419090,11904.927170,1.490927,2.696955e-05
x_phase_+21.4_deg.tiff,0.272476,167.208668,12117.258682,1.459543,3.161670e-05
x_phase_+21.5_deg.tiff,0.228827,177.788904,11706.320713,1.542481,3.677031e-05
x_phase_+21.6_deg.tiff,0.260681,168.830395,11779.166769,1.475669,3.347881e-05
x_phase_+21.7_deg.tiff,0.230996,179.623235,11940.736728,1.532010,4.360171e-05
x_phase_+21.8_deg.tiff,0.341640,147.986847,11547.930256,1.511057,1.936485e-05
x_phase_+21.9_deg.tiff,0.242675,176.796826,12019.551109,1.488639,4.915512e-05
x_phase_+22.0_deg.tiff,0.258211,168.553503,11531.525661,1.538946,2.797588e-05
x_phase_+22.1_deg.tiff,0.256742,171.473466,11846.667210,1.488846,4.645021e-05
x_phase_+22.2_deg.tiff,0.243950,175.282222,11724.467367,1.540016,3.217229e-05
x_phase_+22.3_deg.tiff,0.290703,162.359172,11911.877045,1.470353,2.724116e-05
x_phase_+22.4_deg.tiff,0.240931,176.940650,11843.535266,1.540046,4.083818e-05
x_phase_+22.5_deg.tiff,0.273108,164.610216,11480.308250,1.501024,2.444180e-05
x_phase_+22.6_deg.tiff,0.250522,174.805213,11896.333119,1.520042,4.889208e-05
x_phase_+22.7_deg.tiff,0.288802,162.094745,11720.665671,1.510002,1.843550e-05
x_phase_+22.8_deg.tiff,0.264051,171.014521,11911.768613,1.483498,4.656000e-05
x_phase_+22.9_deg.tiff,0.259043,170.032889,11613.249781,1.569482,2.821900e-05
x_phase_+23.0_deg.tiff,0.269338,168.220078,11728.593942,1.504109,4.183840e-05
x_phase_+23.1_deg.tiff,0.251719,174.829572,11757.417816,1.558928,3.799441e-05
x_phase_+23.2_deg.tiff,0.317803,155.745085,11846.478852,1.482968,2.226952e-05
x_phase_+23.3_deg.tiff,0.259800,173.462831,11995.296965,1.528124,4.477364e-05
x_phase_+23.4_deg.tiff,0.297783,159.136396,11588.350431,1.517171,1.983666e-05
x_phase_+23.5_deg.tiff,0.266208,170.821916,11805.931640,1.513579,4.946121e-05
x_phase_+23.6_deg.tiff,0.265926,169.768756,11702.633269,1.571429,2.411099e-05
x_phase_+23.7_deg.tiff,0.285876,165.131237,11856.317914,1.482979,3.974840e-05
x_phase_+23.8_deg.tiff,0.268018,169.119393,11700.605900,1.553679,3.095655e-05
x_phase_+23.9_deg.tiff,0.283095,164.970801,11696.382309,1.514595,3.403152e-05
x_phase_+24.0_deg.tiff,0.263359,171.794613,11752.035387,1.556869,3.709310e-05
x_phase_+24.1_deg.tiff,0.314299,156.669764,11819.342458,1.494904,1.807595e-05
x_phase_+24.2_deg.tiff,0.267805,170.648106,11813.487022,1.532860,4.108701e-05
x_phase_+24.3_deg.tiff,0.295459,160.540808,11686.764289,1.553958,2.037105e-05
x_phase_+24.4_deg.tiff,0.271789,169.088385,11704.312778,1.517863,4.752419e-05
x_phase_+24.5_deg.tiff,0.263018,170.321257,11530.387022,1.582895,3.021911e-05
x_phase_+24.6_deg.tiff,0.294339,163.004033,11930.001231,1.505889,3.134031e-05
x_phase_+24.7_deg.tiff,0.268746,170.060972,11764.483786,1.549737,3.390805e-05
x_phase_+24.8_deg.tiff,0.291811,162.185629,11634.731862,1.532559,2.232100e-05
x_phase_+24.9_deg.tiff,0.265954,171.107914,11726.088371,1.561007,3.519749e-05
x_phase_+25.0_deg.tiff,0.290969,162.184033,11651.247474,1.551128,1.857031e-05
x_phase_+25.1_deg.tiff,0.275628,168.813599,11793.347436,1.513637,3.723677e-05
x_phase_+25.2_deg.tiff,0.285382,163.966850,11728.376712,1.556438,2.186726e-05
x_phase_+25.3_deg.tiff,0.272307,168.912191,11720.505757,1.531786,3.994996e-05
x_phase_+25.4_deg.tiff,0.266244,170.374353,11526.606616,1.564216,3.451320e-05
x_phase_+25.5_deg.tiff,0.304781,158.645080,11793.121457,1.526307,2.028166e-05
x_phase_+25.6_deg.tiff,0.268688,170.887714,11743.497746,1.541562,3.643572e-05
x_phase_+25.7_deg.tiff,0.319359,155.774943,11790.692713,1.493246,1.500254e-05
x_phase_+25.8_deg.tiff,0.265982,171.021045,11649.029392,1.553289,3.568312e-05
x_phase_+25.9_deg.tiff,0.286251,163.874476,11604.791376,1.549742,2.200449e-05
x_phase_+26.0_deg.tiff,0.271811,168.505773,11648.901202,1.536277,3.253167e-05
x_phase_+26.1_deg.tiff,0.279962,166.453395,11676.816871,1.525398,2.571177e-05
x_phase_+26.2_deg.tiff,0.276801,167.606081,11814.666581,1.540671,2.545591e-05
x_phase_+26.3_deg.tiff,0.263249,170.441749,11463.857645,1.561361,3.379681e-05
x_phase_+26.4_deg.tiff,0.310750,156.248277,11545.389463,1.502855,1.550365e-05
x_phase_+26.5_deg.tiff,0.261319,172.168283,11673.121672,1.562961,3.656066e-05
x_phase_+26.6_deg.tiff,0.336136,150.380765,11607.304758,1.495467,1.191716e-05
x_phase_+26.7_deg.tiff,0.257045,172.293913,11550.291153,1.567923,3.280424e-05
x_phase_+26.8_deg.tiff,0.275601,165.594896,11388.812988,1.540285,2.731486e-05
x_phase_+26.9_deg.tiff,0.276554,166.145317,11677.171486,1.537690,2.450153e-05
x_phase_+27.0_deg.tiff,0.273800,167.700990,11640.548988,1.514503,2.927085e-05
x_phase_+27.1_deg.tiff,0.305159,157.385595,11598.912200,1.514442,1.344915e-05
x_phase_+27.2_deg.tiff,0.259984,171.532763,11553.230093,1.552214,3.627247e-05
x_phase_+27.3_deg.tiff,0.294973,158.606890,11299.654277,1.505717,1.721931e-05
x_phase_+27.4_deg.tiff,0.253513,174.221102,11784.833120,1.561205,3.712886e-05
x_phase_+27.5_deg.tiff,0.311183,156.665070,11685.454436,1.497071,1.505393e-05
x_phase_+27.6_deg.tiff,0.256585,171.195977,11508.023855,1.551500,2.666869e-05
x_phase_+27.7_deg.tiff,0.273817,166.548859,11576.092835,1.521425,3.014823e-05
x_phase_+27.8_deg.tiff,0.277471,164.048194,11510.310895,1.535473,1.985512e-05
x_phase_+27.9_deg.tiff,0.258847,171.696029,11702.036441,1.528792,3.660275e-05
x_phase_+28.0_deg.tiff,0.356376,143.254922,11226.832512,1.520598,1.131884e-05
x_phase_+28.1_deg.tiff,0.243891,176.148329,11741.985262,1.575867,3.861700e-05
x_phase_+28.2_deg.tiff,0.288102,159.821950,11258.560662,1.488021,1.892408e-05
x_phase_+28.3_deg.tiff,0.248329,174.040350,11611.751363,1.562946,3.409798e-05
x_phase_+28.4_deg.tiff,0.293841,161.363348,11829.252570,1.489893,2.139584e-05
x_phase_+28.5_deg.tiff,0.272627,166.659428,11636.797996,1.515999,1.900782e-05
x_phase_+28.6_deg.tiff,0.260905,170.442521,11671.809327,1.529248,3.597415e-05
x_phase_+28.7_deg.tiff,0.282550,161.921274,11413.216902,1.502835,1.945895e-05
x_phase_+28.8_deg.tiff,0.243353,175.908298,11758.909453,1.560090,4.130260e-05
x_phase_+28.9_deg.tiff,0.375228,138.893723,11043.232813,1.557850,1.411126e-05
x_phase_+29.0_deg.tiff,0.240076,176.013072,11666.999177,1.566643,3.584407e-05
x_phase_+29.1_deg.tiff,0.283588,162.022873,11558.735867,1.502945,2.146942e-05
x_phase_+29.2_deg.tiff,0.243793,172.909496,11396.988991,1.563642,2.861756e-05
x_phase_+29.3_deg.tiff,0.260668,170.304445,11826.143329,1.507934,2.584304e-05
x_phase_+29.4_deg.tiff,0.286030,161.238137,11583.253342,1.503167,1.539236e-05
x_phase_+29.5_deg.tiff,0.244010,174.336506,11710.890685,1.543171,3.550022e-05
x_phase_+29.6_deg.tiff,0.272931,162.842609,11342.097278,1.505397,1.854462e-05
x_phase_+29.7_deg.tiff,0.233189,177.697261,11729.936158,1.577020,3.521741e-05
x_phase_+29.8_deg.tiff,0.308684,155.033984,11554.878273,1.501918,1.435092e-05
x_phase_+29.9_deg.tiff,0.238998,174.509794,11553.836638,1.540157,2.748454e-05
x_phase_+3.0_deg.tiff,0.295480,161.380358,12369.451330,1.432035,2.473923e-05
x_phase_+3.1_deg.tiff,0.303798,158.538597,12186.072462,1.429130,2.234717e-05
x_phase_+3.2_deg.tiff,0.295254,162.775046,12591.371191,1.406632,2.540413e-05
x_phase_+3.3_deg.tiff,0.355197,146.336149,11992.739172,1.512122,2.257892e-05
x_phase_+3.4_deg.tiff,0.317217,157.354384,12538.630162,1.431544,2.313812e-05
x_phase_+3.5_deg.tiff,0.397203,136.902687,11676.474117,1.597694,2.373127e-05
x_phase_+3.6_deg.tiff,0.346134,150.644159,12361.207803,1.436908,2.135323e-05
x_phase_+3.7_deg.tiff,0.380455,142.699525,12169.434291,1.499970,2.182702e-05
x_phase_+3.8_deg.tiff,0.384981,140.867848,12026.605053,1.526077,2.039838e-05
x_phase_+3.9_deg.tiff,0.382464,142.295458,12275.147904,1.499543,2.186747e-05
x_phase_+30.0_deg.tiff,0.265909,166.474032,11702.879976,1.534544,2.271353e-05
x_phase_+4.0_deg.tiff,0.416928,134.100966,11933.604506,1.611334,2.085162e-05
x_phase_+4.1_deg.tiff,0.388806,142.428800,12501.048959,1.478314,2.382557e-05
x_phase_+4.2_deg.tiff,0.475774,119.079906,10924.154874,1.896526,2.313524e-05
x_phase_+4.3_deg.tiff,0.408694,138.018128,12385.874790,1.485899,2.449915e-05
x_phase_+4.4_deg.tiff,0.491859,115.779521,10790.582029,1.983589,2.345317e-05
x_phase_+4.5_deg.tiff,0.435164,131.361382,11985.625449,1.574792,2.209545e-05
x_phase_+4.6_deg.tiff,0.451423,126.136420,11557.786101,1.672901,2.219267e-05
x_phase_+4.7_deg.tiff,0.471615,122.310417,11420.054687,1.770633,2.143605e-05
x_phase_+4.8_deg.tiff,0.441444,131.636417,12205.710726,1.539661,2.551131e-05
x_phase_+4.9_deg.tiff,0.528286,109.187292,10427.132434,2.167277,2.339067e-05
x_phase_+5.0_deg.tiff,0.436573,133.171814,12264.398729,1.532252,2.777582e-05
x_phase_+5.1_deg.tiff,0.511695,110.929326,10307.368205,2.058461,2.369187e-05
x_phase_+5.2_deg.tiff,0.443219,130.816034,12104.892647,1.570249,2.511146e-05
x_phase_+5.3_deg.tiff,0.483561,119.591666,11283.189964,1.854112,2.096068e-05
x_phase_+5.4_deg.tiff,0.440602,130.136247,11948.472391,1.611707,2.191519e-05
x_phase_+5.5_deg.tiff,0.428281,132.288608,11915.572025,1.550973,2.422542e-05
x_phase_+5.6_deg.tiff,0.466586,121.866764,11254.826920,1.835649,2.269443e-05
x_phase_+5.7_deg.tiff,0.400195,139.662383,12457.090302,1.486864,2.349955e-05
x_phase_+5.8_deg.tiff,0.513820,110.165119,10138.338879,2.153778,2.624530e-05
x_phase_+5.9_deg.tiff,0.380678,143.862697,12452.267680,1.467972,2.421200e-05
x_phase_+6.0_deg.tiff,0.419412,132.159602,11534.851234,1.605991,2.337685e-05
x_phase_+6.1_deg.tiff,0.370843,144.846930,12278.955788,1.482481,2.264909e-05
x_phase_+6.2_deg.tiff,0.374845,142.436608,11941.812592,1.508914,1.990295e-05
x_phase_+6.3_deg.tiff,0.373240,142.817730,11924.584552,1.514524,2.164170e-05
x_phase_+6.4_deg.tiff,0.335819,152.015496,12235.802434,1.442840,2.218427e-05
x_phase_+6.5_deg.tiff,0.362961,144.440024,11869.621991,1.493284,2.454136e-05
x_phase_+6.6_deg.tiff,0.309525,158.246741,12386.058535,1.425386,2.360239e-05
x_phase_+6.7_deg.tiff,0.383773,136.662503,11131.627833,1.627607,2.551749e-05
x_phase_+6.8_deg.tiff,0.286555,163.753410,12325.663845,1.416742,2.564275e-05
x_phase_+6.9_deg.tiff,0.292542,160.246343,12015.458423,1.435505,2.353106e-05
x_phase_+7.0_deg.tiff,0.281092,164.258919,12186.178108,1.415035,2.833023e-05
x_phase_+7.1_deg.tiff,0.261407,168.353345,12039.769971,1.446210,2.286097e-05
x_phase_+7.2_deg.tiff,0.311400,154.704841,11793.435951,1.482207,2.403407e-05
x_phase_+7.3_deg.tiff,0.243838,173.937062,12208.577450,1.454209,2.683932e-05
x_phase_+7.4_deg.tiff,0.275775,162.761595,11705.436175,1.441352,2.347059e-05
x_phase_+7.5_deg.tiff,0.232739,176.673349,12021.759110,1.480999,3.039541e-05
x_phase_+7.6_deg.tiff,0.269479,165.169088,11813.968929,1.481673,2.170217e-05
x_phase_+7.7_deg.tiff,0.244267,174.061341,12043.427967,1.455333,2.939446e-05
x_phase_+7.8_deg.tiff,0.229221,174.894732,11606.001018,1.521602,2.380863e-05
x_phase_+7.9_deg.tiff,0.248795,170.688843,11727.026298,1.469350,2.916000e-05
x_phase_+8.0_deg.tiff,0.218242,179.824821,11662.111110,1.544391,2.885935e-05
x_phase_+8.1_deg.tiff,0.322012,151.510760,11473.134630,1.503418,2.531992e-05
x_phase_+8.2_deg.tiff,0.220407,180.138838,11784.649436,1.538567,3.378786e-05
x_phase_+8.3_deg.tiff,0.261670,166.240867,11557.038212,1.502553,2.333637e-05
x_phase_+8.4_deg.tiff,0.227939,177.585674,11558.998022,1.537828,3.688565e-05
x_phase_+8.5_deg.tiff,0.239413,174.923454,11719.548337,1.543249,2.452587e-05
x_phase_+8.6_deg.tiff,0.260378,170.187196,11835.478457,1.483270,2.859492e-05
x_phase_+8.7_deg.tiff,0.235113,174.896215,11382.102954,1.569474,2.863889e-05
x_phase_+8.8_deg.tiff,0.264785,166.766873,11483.556454,1.511204,2.409028e-05
x_phase_+8.9_deg.tiff,0.230684,178.496009,11522.893436,1.586722,3.755753e-05
x_phase_+9.0_deg.tiff,0.301858,158.510945,11607.935478,1.483306,2.070325e-05
x_phase_+9.1_deg.tiff,0.245999,175.477413,11703.818668,1.543388,4.007704e-05
x_phase_+9.2_deg.tiff,0.273600,165.448736,11560.822892,1.548039,2.640888e-05
x_phase_+9.3_deg.tiff,0.256299,171.316961,11464.467214,1.534527,3.822227e-05
x_phase_+9.4_deg.tiff,0.253502,172.612175,11501.981264,1.571766,3.064590e-05
x_phase_+9.5_deg.tiff,0.291336,161.703266,11693.991411,1.507158,2.560696e-05
x_phase_+9.6_deg.tiff,0.253850,172.932086,11526.021966,1.569534,3.883640e-05
x_phase_+9.7_deg.tiff,0.293223,160.471030,11487.820925,1.521090,2.326963e-05
x_phase_+9.8_deg.tiff,0.255075,173.528284,11587.044244,1.576128,4.132632e-05
x_phase_+9.9_deg.tiff,0.288100,163.716898,11676.900179,1.526754,2.395719e-05
x_phase_-0.1_deg.tiff,0.276994,164.799020,11274.032989,1.546778,3.320213e-05
x_phase_-0.2_deg.tiff,0.281328,165.807688,11556.662494,1.521447,3.626169e-05
x_phase_-0.3_deg.tiff,0.268979,169.898945,11623.928403,1.545376,4.195854e-05
x_phase_-0.4_deg.tiff,0.339907,150.022835,11586.329320,1.488747,2.232719e-05
x_phase_-0.5_deg.tiff,0.266359,171.386712,11673.009039,1.568974,4.572854e-05
x_phase_-0.6_deg.tiff,0.301299,157.380603,11154.564910,1.516442,2.412018e-05
x_phase_-0.7_deg.tiff,0.269567,170.291626,11600.414175,1.567911,4.304308e-05
x_phase_-0.8_deg.tiff,0.321253,155.055147,11667.540144,1.500383,2.549964e-05
x_phase_-0.9_deg.tiff,0.285535,165.789959,11640.344493,1.528518,3.753523e-05
x_phase_-1.0_deg.tiff,0.282741,165.556339,11468.063239,1.553721,4.295756e-05
x_phase_-1.1_deg.tiff,0.292898,161.338270,11331.815877,1.542149,3.265346e-05
x_phase_-1.2_deg.tiff,0.276593,168.961196,11674.034097,1.563597,4.720167e-05
x_phase_-1.3_deg.tiff,0.379835,140.078423,11438.400171,1.481749,2.319971e-05
x_phase_-1.4_deg.tiff,0.272617,170.280034,11681.976022,1.581417,4.550913e-05
x_phase_-1.5_deg.tiff,0.315671,155.794054,11499.853358,1.515171,2.964925e-05
x_phase_-1.6_deg.tiff,0.274237,167.793812,11335.626743,1.588918,4.077564e-05
x_phase_-1.7_deg.tiff,0.298574,162.699859,11766.627596,1.525102,3.466316e-05
x_phase_-1.8_deg.tiff,0.293148,163.071371,11536.964334,1.532683,3.134397e-05
x_phase_-1.9_deg.tiff,0.283802,166.444889,11659.816569,1.544921,4.811874e-05
x_phase_-10.0_deg.tiff,0.286313,164.696274,12426.693664,1.395062,4.025240e-05
x_phase_-2.0_deg.tiff,0.299581,159.468937,11364.987457,1.544961,2.715062e-05
x_phase_-2.1_deg.tiff,0.275985,169.345857,11700.466912,1.569674,4.807409e-05
x_phase_-2.2_deg.tiff,0.337858,150.984207,11677.852775,1.483142,2.200057e-05
x_phase_-2.3_deg.tiff,0.270374,169.669266,11456.570493,1.591226,4.125624e-05
x_phase_-2.4_deg.tiff,0.308027,159.251011,11811.204403,1.525959,3.300381e-05
x_phase_-2.5_deg.tiff,0.271957,167.232563,11177.196932,1.591514,3.589226e-05
x_phase_-2.6_deg.tiff,0.280760,167.783807,11721.057674,1.547997,4.116695e-05
x_phase_-2.7_deg.tiff,0.304826,158.734538,11529.721413,1.530429,2.477824e-05
x_phase_-2.8_deg.tiff,0.283258,166.567252,11694.901879,1.530518,4.368711e-05
x_phase_-2.9_deg.tiff,0.304371,158.210180,11489.445680,1.526979,2.267443e-05
x_phase_-3.0_deg.tiff,0.266937,170.698528,11616.571122,1.580514,4.097346e-05
x_phase_-3.1_deg.tiff,0.292310,163.484322,11788.927182,1.529978,2.544559e-05
x_phase_-3.2_deg.tiff,0.265929,170.091150,11475.711294,1.571796,3.625355e-05
x_phase_-3.3_deg.tiff,0.287137,164.605077,11780.043803,1.531495,3.568450e-05
x_phase_-3.4_deg.tiff,0.266002,168.611990,11347.666201,1.592604,3.094274e-05
x_phase_-3.5_deg.tiff,0.268721,170.266760,11649.847258,1.530597,4.662954e-05
x_phase_-3.6_deg.tiff,0.306650,158.184740,11699.519032,1.518450,2.379322e-05
x_phase_-3.7_deg.tiff,0.256008,173.241322,11652.776006,1.568135,4.261677e-05
x_phase_-3.8_deg.tiff,0.308964,157.860514,11721.458078,1.495420,2.193766e-05
x_phase_-3.9_deg.tiff,0.250635,173.921673,11515.856182,1.588907,3.831112e-05
x_phase_-4.0_deg.tiff,0.266582,169.856391,11695.844110,1.539906,3.133300e-05
x_phase_-4.1_deg.tiff,0.254106,171.505476,11466.226543,1.569868,3.245858e-05
x_phase_-4.2_deg.tiff,0.269186,169.508978,11831.401244,1.508101,3.689242e-05
x_phase_-4.3_deg.tiff,0.258035,171.058566,11641.442161,1.575650,2.652371e-05
x_phase_-4.4_deg.tiff,0.245152,174.712209,11516.367356,1.552424,4.422502e-05
x_phase_-4.5_deg.tiff,0.280426,163.449527,11640.981688,1.526586,2.171808e-05
x_phase_-4.6_deg.tiff,0.233522,178.080438,11716.929883,1.574315,4.094725e-05
x_phase_-4.7_deg.tiff,0.281539,163.993553,11767.908703,1.493301,2.332145e-05
x_phase_-4.8_deg.tiff,0.228829,178.733759,11540.938112,1.587437,3.681179e-05
x_phase_-4.9_deg.tiff,0.244007,173.721308,11637.884891,1.530014,3.689487e-05
x_phase_-5.0_deg.tiff,0.241646,172.777739,11596.157594,1.584443,2.891188e-05
x_phase_-5.1_deg.tiff,0.241478,175.364873,11752.221092,1.503321,4.268610e-05
x_phase_-5.2_deg.tiff,0.259192,168.982993,11791.834092,1.520952,2.306260e-05
x_phase_-5.3_deg.tiff,0.224943,179.780452,11770.438910,1.544889,4.190821e-05
x_phase_-5.4_deg.tiff,0.254301,168.705527,11575.749179,1.507323,2.439206e-05
x_phase_-5.5_deg.tiff,0.224479,179.572903,11845.734750,1.546455,3.640844e-05
x_phase_-5.6_deg.tiff,0.264287,167.500504,11841.906127,1.477337,2.665915e-05
x_phase_-5.7_deg.tiff,0.224027,179.532837,11848.708058,1.553220,3.139088e-05
x_phase_-5.8_deg.tiff,0.228737,176.855891,11738.873976,1.500850,4.344303e-05
x_phase_-5.9_deg.tiff,0.246378,170.490474,11791.773581,1.536361,2.580621e-05
x_phase_-6.0_deg.tiff,0.227720,179.157115,12055.045612,1.489120,3.879827e-05
x_phase_-6.1_deg.tiff,0.285086,160.810568,11789.597295,1.491046,2.151908e-05
x_phase_-6.2_deg.tiff,0.223161,180.508258,12133.574085,1.498082,3.504905e-05
x_phase_-6.3_deg.tiff,0.248858,170.389366,11797.054232,1.454658,3.021019e-05
x_phase_-6.4_deg.tiff,0.229638,177.046863,12031.164888,1.506683,3.284959e-05
x_phase_-6.5_deg.tiff,0.263913,168.214808,12147.469087,1.446194,2.956632e-05
x_phase_-6.6_deg.tiff,0.251461,171.441921,12241.807370,1.484799,2.409031e-05
x_phase_-6.7_deg.tiff,0.241394,174.610072,12152.074532,1.435890,3.936512e-05
x_phase_-6.8_deg.tiff,0.269154,165.292140,11958.505629,1.464047,2.511952e-05
x_phase_-6.9_deg.tiff,0.246106,175.363828,12503.479511,1.437365,3.515723e-05
x_phase_-7.0_deg.tiff,0.374348,139.478117,11222.030836,1.644135,2.571165e-05
x_phase_-7.1_deg.tiff,0.255333,172.907706,12539.331034,1.423593,3.075903e-05
x_phase_-7.2_deg.tiff,0.284788,162.348738,12115.274536,1.438765,2.746666e-05
x_phase_-7.3_deg.tiff,0.277380,165.271096,12284.831742,1.452845,2.655575e-05
x_phase_-7.4_deg.tiff,0.290271,164.047385,12486.003232,1.410185,2.885572e-05
x_phase_-7.5_deg.tiff,0.327921,153.330358,12277.725608,1.499056,2.130621e-05
x_phase_-7.6_deg.tiff,0.285795,165.564798,12609.384483,1.400295,3.240204e-05
x_phase_-7.7_deg.tiff,0.325937,150.531895,11661.271782,1.464491,2.420913e-05
x_phase_-7.8_deg.tiff,0.293693,164.024814,12701.383679,1.409636,3.123241e-05
x_phase_-7.9_deg.tiff,0.383065,138.279500,11508.555750,1.648008,2.287008e-05
x_phase_-8.0_deg.tiff,0.313005,159.430707,12701.139875,1.394794,2.693721e-05
x_phase_-8.1_deg.tiff,0.326341,153.958065,12326.082205,1.461228,2.551286e-05
x_phase_-8.2_deg.tiff,0.319923,155.187968,12275.697853,1.446852,2.581803e-05
x_phase_-8.3_deg.tiff,0.314635,158.775296,12570.333464,1.395519,2.757759e-05
x_phase_-8.4_deg.tiff,0.394757,135.959848,11528.329256,1.665489,2.601560e-05
x_phase_-8.5_deg.tiff,0.314379,159.485256,12752.014747,1.400593,3.015941e-05
x_phase_-8.6_deg.tiff,0.350275,146.907755,11984.633260,1.481463,2.748186e-05
x_phase_-8.7_deg.tiff,0.317492,156.929074,12462.743168,1.413606,2.995044e-05
x_phase_-8.8_deg.tiff,0.336996,151.721853,12318.923359,1.460244,2.419452e-05
x_phase_-8.9_deg.tiff,0.321799,155.511325,12392.005467,1.421361,2.790405e-05
x_phase_-9.0_deg.tiff,0.323329,155.274749,12382.733046,1.428442,2.783531e-05
x_phase_-9.1_deg.tiff,0.319498,156.453232,12450.067783,1.412918,3.505441e-05
x_phase_-9.2_deg.tiff,0.311917,158.179403,12471.332956,1.415579,2.593788e-05
x_phase_-9.3_deg.tiff,0.377958,140.497140,11724.327771,1.557718,2.851939e-05
x_phase_-9.4_deg.tiff,0.302982,160.707330,12486.101565,1.409529,2.991712e-05
x_phase_-9.5_deg.tiff,0.327785,153.443854,12222.063963,1.453057,2.886198e-05
x_phase_-9.6_deg.tiff,0.293632,163.757352,12594.424159,1.392018,3.610640e-05
x_phase_-9.7_deg.tiff,0.297181,162.040168,12390.676857,1.411150,3.019027e-05
x_phase_-9.8_deg.tiff,0.294641,162.691418,12486.141076,1.423703,3.774351e-05
x_phase_-9.9_deg.tiff,0.282791,164.513271,12226.908176,1.426679,2.829419e-05
